time,temperature,tga,dtga,dtga_5
0,450.35,10.32687,-9.20E-05,-4.60E-04
5,450.85,10.32643,-8.80E-05,-4.40E-04
10,451.25,10.32595,-9.60E-05,-4.80E-04
15,451.65,10.3255,-9.00E-05,-4.50E-04
20,452.15,10.32502,-9.60E-05,-4.80E-04
25,452.55,10.3245,-1.04E-04,-5.20E-04
30,453.15,10.32399,-1.02E-04,-5.10E-04
35,453.25,10.32343,-1.12E-04,-5.60E-04
40,453.85,10.32293,-1.00E-04,-5.00E-04
45,454.15,10.32242,-1.02E-04,-5.10E-04
50,454.65,10.32191,-1.02E-04,-5.10E-04
55,454.95,10.32142,-9.80E-05,-4.90E-04
60,455.35,10.32086,-1.12E-04,-5.60E-04
65,455.85,10.32025,-1.22E-04,-6.10E-04
70,456.25,10.31968,-1.14E-04,-5.70E-04
75,456.65,10.31911,-1.14E-04,-5.70E-04
80,457.15,10.31859,-1.04E-04,-5.20E-04
85,457.45,10.31796,-1.26E-04,-6.30E-04
90,457.85,10.31737,-1.18E-04,-5.90E-04
95,458.35,10.31676,-1.22E-04,-6.10E-04
100,458.75,10.31617,-1.18E-04,-5.90E-04
105,459.35,10.31554,-1.26E-04,-6.30E-04
110,459.45,10.31492,-1.24E-04,-6.20E-04
115,459.85,10.31425,-1.34E-04,-6.70E-04
120,460.25,10.31358,-1.34E-04,-6.70E-04
125,460.75,10.31294,-1.28E-04,-6.40E-04
130,461.25,10.31221,-1.46E-04,-7.30E-04
135,461.75,10.31148,-1.46E-04,-7.30E-04
140,462.05,10.31077,-1.42E-04,-7.10E-04
145,462.35,10.31006,-1.42E-04,-7.10E-04
150,462.95,10.30931,-1.50E-04,-7.50E-04
155,463.35,10.30852,-1.58E-04,-7.90E-04
160,463.65,10.30764,-1.76E-04,-8.80E-04
165,464.15,10.30692,-1.44E-04,-7.20E-04
170,464.55,10.30606,-1.72E-04,-8.60E-04
175,464.95,10.30516,-1.80E-04,-9.00E-04
180,465.55,10.30439,-1.54E-04,-7.70E-04
185,466.05,10.30347,-1.84E-04,-9.20E-04
190,466.15,10.30256,-1.82E-04,-9.10E-04
195,466.65,10.30168,-1.76E-04,-8.80E-04
200,467.15,10.30068,-2.00E-04,-1.00E-03
205,467.35,10.2997,-1.96E-04,-9.80E-04
210,467.95,10.2987,-2.00E-04,-1.00E-03
215,468.25,10.29776,-1.88E-04,-9.40E-04
220,468.75,10.2968,-1.92E-04,-9.60E-04
225,469.05,10.2958,-2.00E-04,-1.00E-03
230,469.45,10.29482,-1.96E-04,-9.80E-04
235,470.05,10.29374,-2.16E-04,-0.00108
240,470.45,10.2927,-2.08E-04,-0.00104
245,470.65,10.2916,-2.20E-04,-0.0011
250,471.05,10.29033,-2.54E-04,-0.00127
255,471.55,10.28904,-2.58E-04,-0.00129
260,471.95,10.28781,-2.46E-04,-0.00123
265,472.65,10.28656,-2.50E-04,-0.00125
270,473.05,10.28527,-2.58E-04,-0.00129
275,473.35,10.28398,-2.58E-04,-0.00129
280,473.85,10.28271,-2.54E-04,-0.00127
285,474.35,10.28137,-2.68E-04,-0.00134
290,474.75,10.28011,-2.52E-04,-0.00126
295,474.95,10.27873,-2.76E-04,-0.00138
300,475.25,10.27735,-2.76E-04,-0.00138
305,475.65,10.27595,-2.80E-04,-0.0014
310,476.25,10.27448,-2.94E-04,-0.00147
315,476.55,10.27307,-2.82E-04,-0.00141
320,476.85,10.27163,-2.88E-04,-0.00144
325,477.35,10.27024,-2.78E-04,-0.00139
330,477.75,10.26874,-3.00E-04,-0.0015
335,478.15,10.2672,-3.08E-04,-0.00154
340,478.55,10.26567,-3.06E-04,-0.00153
345,479.15,10.26411,-3.12E-04,-0.00156
350,479.65,10.26246,-3.30E-04,-0.00165
355,479.95,10.26075,-3.42E-04,-0.00171
360,480.25,10.2591,-3.30E-04,-0.00165
365,480.65,10.25735,-3.50E-04,-0.00175
370,481.15,10.25561,-3.48E-04,-0.00174
375,481.65,10.25394,-3.34E-04,-0.00167
380,482.15,10.25217,-3.54E-04,-0.00177
385,482.35,10.25039,-3.56E-04,-0.00178
390,482.75,10.24854,-3.70E-04,-0.00185
395,483.25,10.24663,-3.82E-04,-0.00191
400,483.65,10.24466,-3.94E-04,-0.00197
405,484.15,10.2427,-3.92E-04,-0.00196
410,484.65,10.24064,-4.12E-04,-0.00206
415,484.95,10.23861,-4.06E-04,-0.00203
420,485.45,10.23655,-4.12E-04,-0.00206
425,485.95,10.23444,-4.22E-04,-0.00211
430,486.25,10.23239,-4.10E-04,-0.00205
435,486.65,10.23013,-4.52E-04,-0.00226
440,487.05,10.22791,-4.44E-04,-0.00222
445,487.35,10.22568,-4.46E-04,-0.00223
450,487.85,10.22341,-4.54E-04,-0.00227
455,488.35,10.22106,-4.70E-04,-0.00235
460,488.75,10.21879,-4.54E-04,-0.00227
465,489.25,10.21641,-4.76E-04,-0.00238
470,489.55,10.21404,-4.74E-04,-0.00237
475,489.95,10.21161,-4.86E-04,-0.00243
480,490.45,10.20913,-4.96E-04,-0.00248
485,490.75,10.20667,-4.92E-04,-0.00246
490,491.15,10.20415,-5.04E-04,-0.00252
495,491.65,10.20163,-5.04E-04,-0.00252
500,492.05,10.19906,-5.14E-04,-0.00257
505,492.35,10.19644,-5.24E-04,-0.00262
510,492.85,10.19379,-5.30E-04,-0.00265
515,493.45,10.19118,-5.22E-04,-0.00261
520,493.85,10.18851,-5.34E-04,-0.00267
525,494.05,10.18585,-5.32E-04,-0.00266
530,494.55,10.1832,-5.30E-04,-0.00265
535,494.95,10.1804,-5.60E-04,-0.0028
540,495.55,10.17769,-5.42E-04,-0.00271
545,495.85,10.17493,-5.52E-04,-0.00276
550,496.05,10.17212,-5.62E-04,-0.00281
555,496.35,10.16935,-5.54E-04,-0.00277
560,496.85,10.16645,-5.80E-04,-0.0029
565,497.25,10.16355,-5.80E-04,-0.0029
570,497.75,10.16071,-5.68E-04,-0.00284
575,498.25,10.15779,-5.84E-04,-0.00292
580,498.65,10.15491,-5.76E-04,-0.00288
585,499.05,10.15192,-5.98E-04,-0.00299
590,499.45,10.14896,-5.92E-04,-0.00296
595,500.05,10.14597,-5.98E-04,-0.00299
600,500.25,10.143,-5.94E-04,-0.00297
605,500.55,10.14002,-5.96E-04,-0.00298
610,501.15,10.13696,-6.12E-04,-0.00306
615,501.55,10.13389,-6.14E-04,-0.00307
620,501.85,10.13081,-6.16E-04,-0.00308
625,502.45,10.12774,-6.14E-04,-0.00307
630,502.85,10.12466,-6.16E-04,-0.00308
635,503.25,10.12153,-6.26E-04,-0.00313
640,503.75,10.11845,-6.16E-04,-0.00308
645,504.05,10.11527,-6.36E-04,-0.00318
650,504.55,10.11209,-6.36E-04,-0.00318
655,505.05,10.10896,-6.26E-04,-0.00313
660,505.25,10.10569,-6.54E-04,-0.00327
665,505.65,10.10247,-6.44E-04,-0.00322
670,506.05,10.09911,-6.72E-04,-0.00336
675,506.45,10.09586,-6.50E-04,-0.00325
680,506.85,10.09253,-6.66E-04,-0.00333
685,507.35,10.08907,-6.92E-04,-0.00346
690,507.75,10.08565,-6.84E-04,-0.00342
695,508.35,10.08227,-6.76E-04,-0.00338
700,508.65,10.07873,-7.08E-04,-0.00354
705,509.15,10.07522,-7.02E-04,-0.00351
710,509.45,10.07166,-7.12E-04,-0.00356
715,509.85,10.06806,-7.20E-04,-0.0036
720,510.15,10.06433,-7.46E-04,-0.00373
725,510.85,10.06069,-7.28E-04,-0.00364
730,511.25,10.05695,-7.48E-04,-0.00374
735,511.75,10.05307,-7.76E-04,-0.00388
740,511.95,10.04912,-7.90E-04,-0.00395
745,512.25,10.04507,-8.10E-04,-0.00405
750,512.85,10.04098,-8.18E-04,-0.00409
755,513.15,10.03692,-8.12E-04,-0.00406
760,513.55,10.03284,-8.16E-04,-0.00408
765,513.85,10.02867,-8.34E-04,-0.00417
770,514.45,10.02452,-8.30E-04,-0.00415
775,514.75,10.02031,-8.42E-04,-0.00421
780,515.15,10.01597,-8.68E-04,-0.00434
785,515.85,10.01161,-8.72E-04,-0.00436
790,516.25,10.00718,-8.86E-04,-0.00443
795,516.75,10.00266,-9.04E-04,-0.00452
800,517.25,9.99814,-9.04E-04,-0.00452
805,517.35,9.99354,-9.20E-04,-0.0046
810,517.95,9.98896,-9.16E-04,-0.00458
815,518.25,9.98436,-9.20E-04,-0.0046
820,518.65,9.97962,-9.48E-04,-0.00474
825,519.05,9.97485,-9.54E-04,-0.00477
830,519.35,9.96994,-9.82E-04,-0.00491
835,519.85,9.965,-9.88E-04,-0.00494
840,520.15,9.95996,-1.01E-03,-0.00504
845,520.75,9.95484,-1.02E-03,-0.00512
850,521.05,9.9496,-1.05E-03,-0.00524
855,521.65,9.94435,-1.05E-03,-0.00525
860,522.15,9.93894,-1.08E-03,-0.00541
865,522.45,9.93348,-1.09E-03,-0.00546
870,522.75,9.92805,-1.09E-03,-0.00543
875,523.15,9.92251,-1.11E-03,-0.00554
880,523.65,9.91683,-1.14E-03,-0.00568
885,524.05,9.91105,-1.16E-03,-0.00578
890,524.55,9.90512,-1.19E-03,-0.00593
895,525.05,9.89918,-1.19E-03,-0.00594
900,525.45,9.89315,-1.21E-03,-0.00603
905,525.85,9.88709,-1.21E-03,-0.00606
910,526.15,9.88086,-1.25E-03,-0.00623
915,526.55,9.87462,-1.25E-03,-0.00624
920,526.85,9.86822,-1.28E-03,-0.0064
925,527.35,9.8617,-1.30E-03,-0.00652
930,527.75,9.85514,-1.31E-03,-0.00656
935,528.25,9.84841,-1.35E-03,-0.00673
940,528.75,9.84158,-1.37E-03,-0.00683
945,529.15,9.83464,-1.39E-03,-0.00694
950,529.75,9.8276,-1.41E-03,-0.00704
955,530.05,9.82048,-1.42E-03,-0.00712
960,530.45,9.81323,-1.45E-03,-0.00725
965,530.75,9.80579,-1.49E-03,-0.00744
970,531.15,9.79836,-1.49E-03,-0.00743
975,531.55,9.79078,-1.52E-03,-0.00758
980,532.05,9.78309,-1.54E-03,-0.00769
985,532.35,9.77526,-1.57E-03,-0.00783
990,532.75,9.76732,-1.59E-03,-0.00794
995,533.35,9.75931,-1.60E-03,-0.00801
1000,533.65,9.75118,-1.63E-03,-0.00813
1005,534.15,9.74292,-1.65E-03,-0.00826
1010,534.45,9.73457,-1.67E-03,-0.00835
1015,534.85,9.7261,-1.69E-03,-0.00847
1020,535.25,9.71745,-1.73E-03,-0.00865
1025,535.75,9.70871,-1.75E-03,-0.00874
1030,536.35,9.69982,-1.78E-03,-0.00889
1035,536.65,9.6907,-1.82E-03,-0.00912
1040,536.95,9.68156,-1.83E-03,-0.00914
1045,537.45,9.67223,-1.87E-03,-0.00933
1050,537.75,9.66282,-1.88E-03,-0.00941
1055,538.15,9.65323,-1.92E-03,-0.00959
1060,538.55,9.64336,-1.97E-03,-0.00987
1065,539.05,9.63345,-1.98E-03,-0.00991
1070,539.45,9.62343,-2.00E-03,-0.01002
1075,540.05,9.6132,-2.05E-03,-0.01023
1080,540.35,9.60281,-2.08E-03,-0.01039
1085,540.85,9.59227,-2.11E-03,-0.01054
1090,541.15,9.58168,-2.12E-03,-0.01059
1095,541.55,9.57086,-2.16E-03,-0.01082
1100,542.05,9.55994,-2.18E-03,-0.01092
1105,542.45,9.54885,-2.22E-03,-0.01109
1110,542.75,9.53759,-2.25E-03,-0.01126
1115,543.25,9.52623,-2.27E-03,-0.01136
1120,543.65,9.51472,-2.30E-03,-0.01151
1125,544.15,9.50307,-2.33E-03,-0.01165
1130,544.45,9.49124,-2.37E-03,-0.01183
1135,544.95,9.47918,-2.41E-03,-0.01206
1140,545.35,9.46702,-2.43E-03,-0.01216
1145,545.75,9.45463,-2.48E-03,-0.01239
1150,546.25,9.44212,-2.50E-03,-0.01251
1155,546.55,9.4294,-2.54E-03,-0.01272
1160,547.05,9.41642,-2.60E-03,-0.01298
1165,547.45,9.40341,-2.60E-03,-0.01301
1170,547.85,9.39022,-2.64E-03,-0.01319
1175,548.35,9.37682,-2.68E-03,-0.0134
1180,548.85,9.36317,-2.73E-03,-0.01365
1185,549.15,9.34936,-2.76E-03,-0.01381
1190,549.75,9.33539,-2.79E-03,-0.01397
1195,550.15,9.32127,-2.82E-03,-0.01412
1200,550.55,9.30693,-2.87E-03,-0.01434
1205,550.95,9.29249,-2.89E-03,-0.01444
1210,551.35,9.27785,-2.93E-03,-0.01464
1215,551.85,9.26298,-2.97E-03,-0.01487
1220,552.25,9.24804,-2.99E-03,-0.01494
1225,552.85,9.23291,-3.03E-03,-0.01513
1230,553.15,9.21753,-3.08E-03,-0.01538
1235,553.55,9.20192,-3.12E-03,-0.01561
1240,553.95,9.18615,-3.15E-03,-0.01577
1245,554.35,9.17031,-3.17E-03,-0.01584
1250,554.95,9.15431,-3.20E-03,-0.016
1255,555.35,9.1382,-3.22E-03,-0.01611
1260,555.75,9.12194,-3.25E-03,-0.01626
1265,556.15,9.10546,-3.30E-03,-0.01648
1270,556.75,9.08891,-3.31E-03,-0.01655
1275,557.05,9.07214,-3.35E-03,-0.01677
1280,557.35,9.0552,-3.39E-03,-0.01694
1285,557.85,9.03817,-3.41E-03,-0.01703
1290,558.25,9.02097,-3.44E-03,-0.0172
1295,558.75,9.00367,-3.46E-03,-0.0173
1300,559.05,8.98632,-3.47E-03,-0.01735
1305,559.55,8.9688,-3.50E-03,-0.01752
1310,560.05,8.95115,-3.53E-03,-0.01765
1315,560.55,8.93333,-3.56E-03,-0.01782
1320,560.95,8.9153,-3.61E-03,-0.01803
1325,561.25,8.89713,-3.63E-03,-0.01817
1330,561.65,8.87883,-3.66E-03,-0.0183
1335,562.15,8.86041,-3.68E-03,-0.01842
1340,562.55,8.8418,-3.72E-03,-0.01861
1345,562.95,8.82307,-3.75E-03,-0.01873
1350,563.45,8.80422,-3.77E-03,-0.01885
1355,563.85,8.78526,-3.79E-03,-0.01896
1360,564.25,8.76621,-3.81E-03,-0.01905
1365,564.65,8.74703,-3.84E-03,-0.01918
1370,565.05,8.72769,-3.87E-03,-0.01934
1375,565.55,8.70821,-3.90E-03,-0.01948
1380,565.95,8.6887,-3.90E-03,-0.01951
1385,566.15,8.66902,-3.94E-03,-0.01968
1390,566.75,8.64924,-3.96E-03,-0.01978
1395,567.35,8.62939,-3.97E-03,-0.01985
1400,567.75,8.60939,-4.00E-03,-0.02
1405,568.25,8.58925,-4.03E-03,-0.02014
1410,568.65,8.56901,-4.05E-03,-0.02024
1415,568.95,8.54869,-4.06E-03,-0.02032
1420,569.25,8.52821,-4.10E-03,-0.02048
1425,569.65,8.50758,-4.13E-03,-0.02063
1430,570.15,8.48691,-4.13E-03,-0.02067
1435,570.65,8.46602,-4.18E-03,-0.02089
1440,571.25,8.44493,-4.22E-03,-0.02109
1445,571.65,8.42384,-4.22E-03,-0.02109
1450,571.95,8.40263,-4.24E-03,-0.02121
1455,572.35,8.38134,-4.26E-03,-0.02129
1460,572.75,8.35984,-4.30E-03,-0.0215
1465,573.15,8.33823,-4.32E-03,-0.02161
1470,573.75,8.31649,-4.35E-03,-0.02174
1475,573.95,8.29456,-4.39E-03,-0.02193
1480,574.25,8.27246,-4.42E-03,-0.0221
1485,574.85,8.25022,-4.45E-03,-0.02224
1490,575.45,8.22794,-4.46E-03,-0.02228
1495,575.75,8.20545,-4.50E-03,-0.02249
1500,576.15,8.1827,-4.55E-03,-0.02275
1505,576.55,8.15982,-4.58E-03,-0.02288
1510,577.15,8.13685,-4.59E-03,-0.02297
1515,577.55,8.11367,-4.64E-03,-0.02318
1520,578.15,8.09038,-4.66E-03,-0.02329
1525,578.35,8.06695,-4.69E-03,-0.02343
1530,578.75,8.04336,-4.72E-03,-0.02359
1535,578.85,8.0195,-4.77E-03,-0.02386
1540,579.45,7.99545,-4.81E-03,-0.02405
1545,579.65,7.97122,-4.85E-03,-0.02423
1550,580.35,7.94685,-4.87E-03,-0.02437
1555,580.75,7.92216,-4.94E-03,-0.02469
1560,581.55,7.89729,-4.97E-03,-0.02487
1565,581.75,7.87226,-5.01E-03,-0.02503
1570,582.35,7.84706,-5.04E-03,-0.0252
1575,582.65,7.82159,-5.09E-03,-0.02547
1580,582.95,7.79598,-5.12E-03,-0.02561
1585,583.25,7.77023,-5.15E-03,-0.02575
1590,583.65,7.74424,-5.20E-03,-0.02599
1595,584.05,7.71792,-5.26E-03,-0.02632
1600,584.55,7.69148,-5.29E-03,-0.02644
1605,584.95,7.66488,-5.32E-03,-0.0266
1610,585.35,7.63807,-5.36E-03,-0.02681
1615,586.05,7.61103,-5.41E-03,-0.02704
1620,586.35,7.58375,-5.46E-03,-0.02728
1625,586.85,7.5562,-5.51E-03,-0.02755
1630,587.15,7.52843,-5.55E-03,-0.02777
1635,587.65,7.50033,-5.62E-03,-0.0281
1640,587.95,7.47211,-5.64E-03,-0.02822
1645,588.35,7.44358,-5.71E-03,-0.02853
1650,588.75,7.41484,-5.75E-03,-0.02874
1655,589.35,7.38583,-5.80E-03,-0.02901
1660,589.65,7.35656,-5.85E-03,-0.02927
1665,590.25,7.32712,-5.89E-03,-0.02944
1670,590.65,7.29736,-5.95E-03,-0.02976
1675,591.05,7.26729,-6.01E-03,-0.03007
1680,591.45,7.23696,-6.07E-03,-0.03033
1685,591.65,7.20641,-6.11E-03,-0.03055
1690,592.25,7.17555,-6.17E-03,-0.03086
1695,592.45,7.14444,-6.22E-03,-0.03111
1700,593.15,7.11312,-6.26E-03,-0.03132
1705,593.65,7.08148,-6.33E-03,-0.03164
1710,594.05,7.04959,-6.38E-03,-0.03189
1715,594.45,7.0175,-6.42E-03,-0.03209
1720,594.85,6.98514,-6.47E-03,-0.03236
1725,595.15,6.95247,-6.53E-03,-0.03267
1730,595.55,6.91961,-6.57E-03,-0.03286
1735,596.05,6.88642,-6.64E-03,-0.03319
1740,596.35,6.85304,-6.68E-03,-0.03338
1745,596.95,6.81944,-6.72E-03,-0.0336
1750,597.15,6.78556,-6.78E-03,-0.03388
1755,597.65,6.75149,-6.81E-03,-0.03407
1760,598.05,6.71719,-6.86E-03,-0.0343
1765,598.55,6.68267,-6.90E-03,-0.03452
1770,598.85,6.64803,-6.93E-03,-0.03464
1775,599.25,6.61312,-6.98E-03,-0.03491
1780,599.65,6.57812,-7.00E-03,-0.035
1785,600.05,6.54297,-7.03E-03,-0.03515
1790,600.65,6.5077,-7.05E-03,-0.03527
1795,601.05,6.47242,-7.06E-03,-0.03528
1800,601.45,6.43699,-7.09E-03,-0.03543
1805,601.95,6.40138,-7.12E-03,-0.03561
1810,602.35,6.36586,-7.10E-03,-0.03552
1815,602.65,6.33022,-7.13E-03,-0.03564
1820,603.25,6.29464,-7.12E-03,-0.03558
1825,603.45,6.25921,-7.09E-03,-0.03543
1830,604.05,6.22382,-7.08E-03,-0.03539
1835,604.35,6.18853,-7.06E-03,-0.03529
1840,604.75,6.15333,-7.04E-03,-0.0352
1845,605.25,6.11827,-7.01E-03,-0.03506
1850,605.65,6.08342,-6.97E-03,-0.03485
1855,605.95,6.04875,-6.93E-03,-0.03467
1860,606.45,6.01431,-6.89E-03,-0.03444
1865,606.95,5.98008,-6.85E-03,-0.03423
1870,607.45,5.94621,-6.77E-03,-0.03387
1875,607.85,5.91266,-6.71E-03,-0.03355
1880,608.15,5.87949,-6.63E-03,-0.03317
1885,608.45,5.84676,-6.55E-03,-0.03273
1890,609.05,5.8144,-6.47E-03,-0.03236
1895,609.35,5.78249,-6.38E-03,-0.03191
1900,609.75,5.75101,-6.30E-03,-0.03148
1905,610.15,5.72004,-6.19E-03,-0.03097
1910,610.65,5.68969,-6.07E-03,-0.03035
1915,611.15,5.65985,-5.97E-03,-0.02984
1920,611.55,5.63062,-5.85E-03,-0.02923
1925,612.05,5.60195,-5.73E-03,-0.02867
1930,612.45,5.57394,-5.60E-03,-0.02801
1935,612.75,5.54653,-5.48E-03,-0.02741
1940,613.45,5.51981,-5.34E-03,-0.02672
1945,613.55,5.49384,-5.19E-03,-0.02597
1950,614.05,5.46849,-5.07E-03,-0.02535
1955,614.45,5.44386,-4.93E-03,-0.02463
1960,614.75,5.41983,-4.81E-03,-0.02403
1965,615.35,5.39652,-4.66E-03,-0.02331
1970,615.55,5.37389,-4.53E-03,-0.02263
1975,616.05,5.35192,-4.39E-03,-0.02197
1980,616.55,5.33074,-4.24E-03,-0.02118
1985,616.85,5.31025,-4.10E-03,-0.02049
1990,617.25,5.29049,-3.95E-03,-0.01976
1995,617.85,5.27133,-3.83E-03,-0.01916
2000,618.25,5.25289,-3.69E-03,-0.01844
2005,618.75,5.23519,-3.54E-03,-0.0177
2010,619.05,5.21808,-3.42E-03,-0.01711
2015,619.65,5.20162,-3.29E-03,-0.01646
2020,620.05,5.18587,-3.15E-03,-0.01575
2025,620.35,5.17066,-3.04E-03,-0.01521
2030,620.75,5.156,-2.93E-03,-0.01466
2035,621.15,5.14186,-2.83E-03,-0.01414
2040,621.45,5.1283,-2.71E-03,-0.01356
2045,621.85,5.11526,-2.61E-03,-0.01304
2050,622.45,5.10272,-2.51E-03,-0.01254
2055,622.85,5.09064,-2.42E-03,-0.01208
2060,623.15,5.07906,-2.32E-03,-0.01158
2065,623.65,5.06793,-2.23E-03,-0.01113
2070,624.05,5.05727,-2.13E-03,-0.01066
2075,624.55,5.04691,-2.07E-03,-0.01036
2080,624.85,5.03702,-1.98E-03,-0.00989
2085,625.45,5.02742,-1.92E-03,-0.0096
2090,625.95,5.01813,-1.86E-03,-0.00929
2095,626.15,5.00915,-1.80E-03,-0.00898
2100,626.55,5.0005,-1.73E-03,-0.00865
2105,626.85,4.99208,-1.68E-03,-0.00842
2110,627.25,4.98391,-1.63E-03,-0.00817
2115,627.65,4.97585,-1.61E-03,-0.00806
2120,628.15,4.96804,-1.56E-03,-0.00781
2125,628.85,4.96051,-1.51E-03,-0.00753
2130,629.15,4.9531,-1.48E-03,-0.00741
2135,629.65,4.94582,-1.46E-03,-0.00728
2140,629.95,4.93885,-1.39E-03,-0.00697
2145,630.65,4.93192,-1.39E-03,-0.00693
2150,630.85,4.92508,-1.37E-03,-0.00684
2155,631.25,4.91836,-1.34E-03,-0.00672
2160,631.45,4.91182,-1.31E-03,-0.00654
2165,631.85,4.9053,-1.30E-03,-0.00652
2170,632.25,4.89886,-1.29E-03,-0.00644
2175,632.75,4.8925,-1.27E-03,-0.00636
2180,633.35,4.88629,-1.24E-03,-0.00621
2185,633.75,4.88016,-1.23E-03,-0.00613
2190,634.15,4.874,-1.23E-03,-0.00616
2195,634.75,4.86798,-1.20E-03,-0.00602
2200,634.85,4.86209,-1.18E-03,-0.00589
2205,635.45,4.85614,-1.19E-03,-0.00595
2210,635.75,4.85031,-1.17E-03,-0.00583
2215,636.05,4.84449,-1.16E-03,-0.00582
2220,636.45,4.83854,-1.19E-03,-0.00595
2225,636.95,4.83273,-1.16E-03,-0.00581
2230,637.35,4.82691,-1.16E-03,-0.00582
2235,637.95,4.82116,-1.15E-03,-0.00575
2240,638.25,4.81549,-1.13E-03,-0.00567
2245,638.65,4.80986,-1.13E-03,-0.00563
2250,639.25,4.80428,-1.12E-03,-0.00558
2255,639.65,4.79868,-1.12E-03,-0.0056
2260,640.15,4.79315,-1.11E-03,-0.00553
2265,640.35,4.7876,-1.11E-03,-0.00555
2270,640.75,4.78211,-1.10E-03,-0.00549
2275,641.15,4.77658,-1.11E-03,-0.00553
2280,641.55,4.77112,-1.09E-03,-0.00546
2285,642.05,4.76565,-1.09E-03,-0.00547
2290,642.65,4.76033,-1.06E-03,-0.00532
2295,642.85,4.75503,-1.06E-03,-0.0053
2300,643.45,4.74972,-1.06E-03,-0.00531
2305,643.75,4.74447,-1.05E-03,-0.00525
2310,644.05,4.73939,-1.02E-03,-0.00508
2315,644.55,4.73425,-1.03E-03,-0.00514
2320,644.85,4.72927,-9.96E-04,-0.00498
2325,645.25,4.72426,-1.00E-03,-0.00501
2330,645.85,4.71923,-1.01E-03,-0.00503
2335,646.35,4.71427,-9.92E-04,-0.00496
2340,646.65,4.70928,-9.98E-04,-0.00499
2345,647.05,4.70434,-9.88E-04,-0.00494
2350,647.55,4.69936,-9.96E-04,-0.00498
2355,647.85,4.69442,-9.88E-04,-0.00494
2360,648.35,4.6895,-9.84E-04,-0.00492
2365,648.65,4.68461,-9.78E-04,-0.00489
2370,648.95,4.67975,-9.72E-04,-0.00486
2375,649.55,4.67495,-9.60E-04,-0.0048
2380,649.95,4.67016,-9.58E-04,-0.00479
2385,650.35,4.66545,-9.42E-04,-0.00471
2390,651.05,4.66066,-9.58E-04,-0.00479
2395,651.35,4.65599,-9.34E-04,-0.00467
2400,651.75,4.65127,-9.44E-04,-0.00472
2405,652.05,4.64666,-9.22E-04,-0.00461
2410,652.45,4.64217,-8.98E-04,-0.00449
2415,653.05,4.6376,-9.14E-04,-0.00457
2420,653.45,4.63307,-9.06E-04,-0.00453
2425,653.65,4.62859,-8.96E-04,-0.00448
2430,654.15,4.62421,-8.76E-04,-0.00438
2435,654.55,4.61992,-8.58E-04,-0.00429
2440,654.95,4.6156,-8.64E-04,-0.00432
2445,655.35,4.61125,-8.70E-04,-0.00435
2450,655.85,4.60693,-8.64E-04,-0.00432
2455,656.35,4.60268,-8.50E-04,-0.00425
2460,656.85,4.59839,-8.58E-04,-0.00429
2465,657.15,4.59414,-8.50E-04,-0.00425
2470,657.75,4.58989,-8.50E-04,-0.00425
2475,657.95,4.5857,-8.38E-04,-0.00419
2480,658.25,4.5816,-8.20E-04,-0.0041
2485,658.65,4.57748,-8.24E-04,-0.00412
2490,658.95,4.57335,-8.26E-04,-0.00413
2495,659.55,4.56928,-8.14E-04,-0.00407
2500,660.05,4.56523,-8.10E-04,-0.00405
2505,660.25,4.56115,-8.16E-04,-0.00408
2510,660.95,4.55709,-8.12E-04,-0.00406
2515,661.25,4.55304,-8.10E-04,-0.00405
2520,661.85,4.54906,-7.96E-04,-0.00398
2525,662.25,4.54501,-8.10E-04,-0.00405
2530,662.75,4.54107,-7.88E-04,-0.00394
2535,663.05,4.53704,-8.06E-04,-0.00403
2540,663.45,4.53307,-7.94E-04,-0.00397
2545,663.75,4.5291,-7.94E-04,-0.00397
2550,664.15,4.52518,-7.84E-04,-0.00392
2555,664.45,4.52131,-7.74E-04,-0.00387
2560,664.85,4.51742,-7.78E-04,-0.00389
2565,665.45,4.51349,-7.86E-04,-0.00393
2570,665.85,4.50958,-7.82E-04,-0.00391
2575,666.45,4.50566,-7.84E-04,-0.00392
2580,666.85,4.5018,-7.72E-04,-0.00386
2585,667.05,4.49784,-7.92E-04,-0.00396
2590,667.55,4.49383,-8.02E-04,-0.00401
2595,668.05,4.48991,-7.84E-04,-0.00392
2600,668.45,4.48603,-7.76E-04,-0.00388
2605,668.95,4.48217,-7.72E-04,-0.00386
2610,669.35,4.47827,-7.80E-04,-0.0039
2615,669.55,4.47444,-7.66E-04,-0.00383
2620,669.95,4.47068,-7.52E-04,-0.00376
2625,670.35,4.46692,-7.52E-04,-0.00376
2630,670.85,4.46309,-7.66E-04,-0.00383
2635,671.35,4.45934,-7.50E-04,-0.00375
2640,671.75,4.4556,-7.48E-04,-0.00374
2645,672.15,4.45176,-7.68E-04,-0.00384
2650,672.45,4.44797,-7.58E-04,-0.00379
2655,672.95,4.44419,-7.56E-04,-0.00378
2660,673.45,4.4405,-7.38E-04,-0.00369
2665,673.95,4.43676,-7.48E-04,-0.00374
2670,674.25,4.43307,-7.38E-04,-0.00369
2675,674.65,4.42942,-7.30E-04,-0.00365
2680,674.95,4.42578,-7.28E-04,-0.00364
2685,675.35,4.42207,-7.42E-04,-0.00371
2690,675.85,4.41836,-7.42E-04,-0.00371
2695,676.35,4.41466,-7.40E-04,-0.0037
2700,676.65,4.41099,-7.34E-04,-0.00367
2705,677.15,4.40727,-7.44E-04,-0.00372
2710,677.65,4.40368,-7.18E-04,-0.00359
2715,678.05,4.40003,-7.30E-04,-0.00365
2720,678.45,4.39641,-7.24E-04,-0.00362
2725,678.75,4.39289,-7.04E-04,-0.00352
2730,679.15,4.38938,-7.02E-04,-0.00351
2735,679.55,4.38596,-6.84E-04,-0.00342
2740,679.85,4.38245,-7.02E-04,-0.00351
2745,680.35,4.379,-6.90E-04,-0.00345
2750,680.95,4.37548,-7.04E-04,-0.00352
2755,681.25,4.372,-6.96E-04,-0.00348
2760,681.75,4.36855,-6.90E-04,-0.00345
2765,682.35,4.36512,-6.86E-04,-0.00343
2770,682.55,4.36166,-6.92E-04,-0.00346
2775,683.05,4.35819,-6.94E-04,-0.00347
2780,683.55,4.35477,-6.84E-04,-0.00342
2785,683.75,4.35143,-6.68E-04,-0.00334
2790,684.05,4.34814,-6.58E-04,-0.00329
2795,684.65,4.34477,-6.74E-04,-0.00337
2800,685.05,4.34146,-6.62E-04,-0.00331
2805,685.35,4.33811,-6.70E-04,-0.00335
2810,685.95,4.33481,-6.60E-04,-0.0033
2815,686.45,4.33147,-6.68E-04,-0.00334
2820,686.85,4.3281,-6.74E-04,-0.00337
2825,687.25,4.32469,-6.82E-04,-0.00341
2830,687.45,4.32137,-6.64E-04,-0.00332
2835,688.05,4.31797,-6.80E-04,-0.0034
2840,688.25,4.31461,-6.72E-04,-0.00336
2845,688.75,4.31127,-6.68E-04,-0.00334
2850,689.05,4.3079,-6.74E-04,-0.00337
2855,689.85,4.30457,-6.66E-04,-0.00333
2860,690.15,4.30126,-6.62E-04,-0.00331
2865,690.65,4.29799,-6.54E-04,-0.00327
2870,691.15,4.29472,-6.54E-04,-0.00327
2875,691.25,4.29141,-6.62E-04,-0.00331
2880,691.65,4.28809,-6.64E-04,-0.00332
2885,692.15,4.28495,-6.28E-04,-0.00314
2890,692.45,4.28173,-6.44E-04,-0.00322
2895,692.85,4.27856,-6.34E-04,-0.00317
2900,693.45,4.27534,-6.44E-04,-0.00322
2905,693.85,4.27226,-6.16E-04,-0.00308
2910,694.25,4.26917,-6.18E-04,-0.00309
2915,694.65,4.26602,-6.30E-04,-0.00315
2920,694.95,4.26292,-6.20E-04,-0.0031
2925,695.35,4.25982,-6.20E-04,-0.0031
2930,695.95,4.2567,-6.24E-04,-0.00312
2935,696.45,4.25363,-6.14E-04,-0.00307
2940,696.75,4.25048,-6.30E-04,-0.00315
2945,697.25,4.24737,-6.22E-04,-0.00311
2950,697.55,4.24434,-6.06E-04,-0.00303
2955,697.95,4.24136,-5.96E-04,-0.00298
2960,698.45,4.23835,-6.02E-04,-0.00301
2965,699.05,4.23531,-6.08E-04,-0.00304
2970,699.45,4.2323,-6.02E-04,-0.00301
2975,699.55,4.22934,-5.92E-04,-0.00296
2980,700.05,4.22637,-5.94E-04,-0.00297
2985,700.35,4.22338,-5.98E-04,-0.00299
2990,700.75,4.22044,-5.88E-04,-0.00294
2995,701.25,4.21756,-5.76E-04,-0.00288
3000,701.65,4.21463,-5.86E-04,-0.00293
3005,702.15,4.21168,-5.90E-04,-0.00295
3010,702.75,4.2088,-5.76E-04,-0.00288
3015,702.95,4.20589,-5.82E-04,-0.00291
3020,703.35,4.20304,-5.70E-04,-0.00285
3025,703.85,4.20014,-5.80E-04,-0.0029
3030,704.05,4.1973,-5.68E-04,-0.00284
3035,704.45,4.19442,-5.76E-04,-0.00288
3040,705.15,4.19162,-5.60E-04,-0.0028
3045,705.45,4.18882,-5.60E-04,-0.0028
3050,706.05,4.18603,-5.58E-04,-0.00279
3055,706.45,4.18324,-5.58E-04,-0.00279
3060,706.85,4.18032,-5.84E-04,-0.00292
3065,707.25,4.17746,-5.72E-04,-0.00286
3070,707.45,4.17466,-5.60E-04,-0.0028
3075,707.95,4.17186,-5.60E-04,-0.0028
3080,708.45,4.16911,-5.50E-04,-0.00275
3085,708.85,4.16633,-5.56E-04,-0.00278
3090,709.25,4.16363,-5.40E-04,-0.0027
3095,709.65,4.16104,-5.18E-04,-0.00259
3100,710.15,4.1584,-5.28E-04,-0.00264
3105,710.45,4.15573,-5.34E-04,-0.00267
3110,711.05,4.15303,-5.40E-04,-0.0027
3115,711.25,4.15042,-5.22E-04,-0.00261
3120,711.65,4.14767,-5.50E-04,-0.00275
3125,712.15,4.14501,-5.32E-04,-0.00266
3130,712.65,4.14237,-5.28E-04,-0.00264
3135,712.85,4.13973,-5.28E-04,-0.00264
3140,713.55,4.13715,-5.16E-04,-0.00258
3145,713.75,4.13453,-5.24E-04,-0.00262
3150,714.15,4.13197,-5.12E-04,-0.00256
3155,714.65,4.12932,-5.30E-04,-0.00265
3160,715.25,4.12677,-5.10E-04,-0.00255
3165,715.45,4.12412,-5.30E-04,-0.00265
3170,715.95,4.1215,-5.24E-04,-0.00262
3175,716.15,4.11893,-5.14E-04,-0.00257
3180,716.55,4.11626,-5.34E-04,-0.00267
3185,717.05,4.11354,-5.44E-04,-0.00272
3190,717.45,4.1109,-5.28E-04,-0.00264
3195,718.05,4.10824,-5.32E-04,-0.00266
3200,718.55,4.10559,-5.30E-04,-0.00265
3205,718.85,4.10297,-5.24E-04,-0.00262
3210,719.15,4.10038,-5.18E-04,-0.00259
3215,719.55,4.09773,-5.30E-04,-0.00265
3220,720.05,4.09515,-5.16E-04,-0.00258
3225,720.55,4.09258,-5.14E-04,-0.00257
3230,720.95,4.09001,-5.14E-04,-0.00257
3235,721.25,4.08743,-5.16E-04,-0.00258
3240,721.65,4.0848,-5.26E-04,-0.00263
3245,722.15,4.08218,-5.24E-04,-0.00262
3250,722.55,4.07951,-5.34E-04,-0.00267
3255,722.95,4.07692,-5.18E-04,-0.00259
3260,723.35,4.07429,-5.26E-04,-0.00263
3265,723.95,4.07176,-5.06E-04,-0.00253
3270,724.25,4.06919,-5.14E-04,-0.00257
3275,724.75,4.06664,-5.10E-04,-0.00255
3280,725.05,4.06405,-5.18E-04,-0.00259
3285,725.45,4.06145,-5.20E-04,-0.0026
3290,725.85,4.05883,-5.24E-04,-0.00262
3295,726.25,4.05629,-5.08E-04,-0.00254
3300,726.65,4.05373,-5.12E-04,-0.00256
3305,727.25,4.05117,-5.12E-04,-0.00256
3310,727.55,4.04866,-5.02E-04,-0.00251
3315,728.05,4.04614,-5.04E-04,-0.00252
3320,728.35,4.04358,-5.12E-04,-0.00256
3325,728.75,4.04107,-5.02E-04,-0.00251
3330,729.15,4.03859,-4.96E-04,-0.00248
3335,729.65,4.03613,-4.92E-04,-0.00246
3340,730.05,4.03377,-4.72E-04,-0.00236
3345,730.55,4.03131,-4.92E-04,-0.00246
3350,730.85,4.02888,-4.86E-04,-0.00243
3355,731.45,4.02646,-4.84E-04,-0.00242
3360,731.65,4.02403,-4.86E-04,-0.00243
3365,732.15,4.02167,-4.72E-04,-0.00236
3370,732.65,4.01931,-4.72E-04,-0.00236
3375,733.05,4.01701,-4.60E-04,-0.0023
3380,733.25,4.01476,-4.50E-04,-0.00225
3385,733.65,4.01255,-4.42E-04,-0.00221
3390,734.25,4.01022,-4.66E-04,-0.00233
3395,734.75,4.00798,-4.48E-04,-0.00224
3400,735.15,4.00573,-4.50E-04,-0.00225
3405,735.45,4.00348,-4.50E-04,-0.00225
3410,735.85,4.00118,-4.60E-04,-0.0023
3415,736.15,3.99892,-4.52E-04,-0.00226
3420,736.65,3.99669,-4.46E-04,-0.00223
3425,736.95,3.99441,-4.56E-04,-0.00228
3430,737.65,3.99224,-4.34E-04,-0.00217
3435,737.85,3.99016,-4.16E-04,-0.00208
3440,738.25,3.98799,-4.34E-04,-0.00217
3445,738.85,3.98583,-4.32E-04,-0.00216
3450,739.25,3.98375,-4.16E-04,-0.00208
3455,739.75,3.98171,-4.08E-04,-0.00204
3460,740.05,3.9796,-4.22E-04,-0.00211
3465,740.45,3.97745,-4.30E-04,-0.00215
3470,740.85,3.97534,-4.22E-04,-0.00211
3475,741.35,3.97323,-4.22E-04,-0.00211
3480,741.65,3.97114,-4.18E-04,-0.00209
3485,742.15,3.96912,-4.04E-04,-0.00202
3490,742.55,3.96706,-4.12E-04,-0.00206
3495,742.95,3.96504,-4.04E-04,-0.00202
3500,743.35,3.96292,-4.24E-04,-0.00212
3505,743.85,3.96091,-4.02E-04,-0.00201
3510,744.35,3.95887,-4.08E-04,-0.00204
3515,744.75,3.9568,-4.14E-04,-0.00207
3520,745.25,3.95468,-4.24E-04,-0.00212
3525,745.45,3.95261,-4.14E-04,-0.00207
3530,746.05,3.9505,-4.22E-04,-0.00211
3535,746.45,3.94846,-4.08E-04,-0.00204
3540,746.65,3.9464,-4.12E-04,-0.00206
3545,747.15,3.94432,-4.16E-04,-0.00208
3550,747.65,3.94224,-4.16E-04,-0.00208
3555,747.95,3.9401,-4.28E-04,-0.00214
3560,748.35,3.93788,-4.44E-04,-0.00222
3565,748.95,3.93588,-4.00E-04,-0.002
3570,749.45,3.93387,-4.02E-04,-0.00201
3575,749.85,3.93182,-4.10E-04,-0.00205
3580,750.35,3.92982,-4.00E-04,-0.002
3585,750.45,3.92782,-4.00E-04,-0.002
3590,750.75,3.92585,-3.94E-04,-0.00197
3595,751.15,3.92385,-4.00E-04,-0.002
3600,751.55,3.92185,-4.00E-04,-0.002
3605,752.15,3.91986,-3.98E-04,-0.00199
3610,752.75,3.91795,-3.82E-04,-0.00191
3615,753.05,3.91606,-3.78E-04,-0.00189
3620,753.45,3.91418,-3.76E-04,-0.00188
3625,753.85,3.91241,-3.54E-04,-0.00177
3630,754.15,3.91056,-3.70E-04,-0.00185
3635,754.65,3.90877,-3.58E-04,-0.00179
3640,754.95,3.90702,-3.50E-04,-0.00175
3645,755.65,3.9052,-3.64E-04,-0.00182
3650,755.85,3.90337,-3.66E-04,-0.00183
3655,756.25,3.90156,-3.62E-04,-0.00181
3660,756.65,3.89981,-3.50E-04,-0.00175
3665,757.15,3.89804,-3.54E-04,-0.00177
3670,757.45,3.89633,-3.42E-04,-0.00171
3675,757.95,3.89454,-3.58E-04,-0.00179
3680,758.25,3.89267,-3.74E-04,-0.00187
3685,758.85,3.89088,-3.58E-04,-0.00179
3690,759.15,3.88914,-3.48E-04,-0.00174
3695,759.55,3.88733,-3.62E-04,-0.00181
3700,760.05,3.88561,-3.44E-04,-0.00172
3705,760.55,3.88386,-3.50E-04,-0.00175
3710,761.05,3.88212,-3.48E-04,-0.00174
3715,761.35,3.88039,-3.46E-04,-0.00173
3720,761.75,3.87867,-3.44E-04,-0.00172
3725,762.15,3.87695,-3.44E-04,-0.00172
3730,762.65,3.87519,-3.52E-04,-0.00176
3735,763.05,3.87344,-3.50E-04,-0.00175
3740,763.35,3.87165,-3.58E-04,-0.00179
3745,763.55,3.86986,-3.58E-04,-0.00179
3750,764.05,3.86816,-3.40E-04,-0.0017
3755,764.65,3.86641,-3.50E-04,-0.00175
3760,765.15,3.86472,-3.38E-04,-0.00169
3765,765.35,3.86298,-3.48E-04,-0.00174
3770,765.85,3.8612,-3.56E-04,-0.00178
3775,766.25,3.85949,-3.42E-04,-0.00171
3780,766.65,3.85769,-3.60E-04,-0.0018
3785,767.05,3.85597,-3.44E-04,-0.00172
3790,767.45,3.85433,-3.28E-04,-0.00164
3795,767.95,3.85271,-3.24E-04,-0.00162
3800,768.45,3.85103,-3.36E-04,-0.00168
3805,768.85,3.8494,-3.26E-04,-0.00163
3810,769.25,3.84773,-3.34E-04,-0.00167
3815,769.55,3.846,-3.46E-04,-0.00173
3820,770.05,3.84426,-3.48E-04,-0.00174
3825,770.35,3.84258,-3.36E-04,-0.00168
3830,770.85,3.8409,-3.36E-04,-0.00168
3835,771.35,3.83924,-3.32E-04,-0.00166
3840,771.75,3.83751,-3.46E-04,-0.00173
3845,772.05,3.83585,-3.32E-04,-0.00166
3850,772.35,3.83424,-3.22E-04,-0.00161
3855,772.95,3.83258,-3.32E-04,-0.00166
3860,773.35,3.83094,-3.28E-04,-0.00164
3865,773.75,3.82935,-3.18E-04,-0.00159
3870,774.25,3.82777,-3.16E-04,-0.00158
3875,774.85,3.82615,-3.24E-04,-0.00162
3880,775.15,3.82448,-3.34E-04,-0.00167
3885,775.45,3.82282,-3.32E-04,-0.00166
3890,775.75,3.82109,-3.46E-04,-0.00173
3895,776.25,3.8195,-3.18E-04,-0.00159
3900,776.65,3.81784,-3.32E-04,-0.00166
3905,777.05,3.81624,-3.20E-04,-0.0016
3910,777.55,3.81468,-3.12E-04,-0.00156
3915,778.05,3.81315,-3.06E-04,-0.00153
3920,778.35,3.81161,-3.08E-04,-0.00154
3925,778.95,3.81007,-3.08E-04,-0.00154
3930,779.15,3.80859,-2.96E-04,-0.00148
3935,779.45,3.80714,-2.90E-04,-0.00145
3940,779.85,3.80564,-3.00E-04,-0.0015
3945,780.55,3.80418,-2.92E-04,-0.00146
3950,780.95,3.80281,-2.74E-04,-0.00137
3955,781.55,3.80138,-2.86E-04,-0.00143
3960,781.75,3.79994,-2.88E-04,-0.00144
3965,782.15,3.79851,-2.86E-04,-0.00143
3970,782.45,3.79712,-2.78E-04,-0.00139
3975,782.85,3.79575,-2.74E-04,-0.00137
3980,783.35,3.79447,-2.56E-04,-0.00128
3985,783.75,3.79315,-2.64E-04,-0.00132
3990,784.25,3.79181,-2.68E-04,-0.00134
3995,784.65,3.79051,-2.60E-04,-0.0013
4000,785.15,3.78919,-2.64E-04,-0.00132
4005,785.45,3.78793,-2.52E-04,-0.00126
4010,785.95,3.78657,-2.72E-04,-0.00136
4015,786.15,3.78527,-2.60E-04,-0.0013
4020,786.55,3.78391,-2.72E-04,-0.00136
4025,786.95,3.78265,-2.52E-04,-0.00126
4030,787.75,3.78131,-2.68E-04,-0.00134
4035,787.95,3.78002,-2.58E-04,-0.00129
4040,788.45,3.77867,-2.70E-04,-0.00135
4045,788.95,3.77734,-2.66E-04,-0.00133
4050,789.25,3.77602,-2.64E-04,-0.00132
4055,789.55,3.77463,-2.78E-04,-0.00139
4060,790.05,3.77336,-2.54E-04,-0.00127
4065,790.35,3.77216,-2.40E-04,-0.0012
4070,790.95,3.77085,-2.62E-04,-0.00131
4075,791.15,3.76958,-2.54E-04,-0.00127
4080,791.65,3.76839,-2.38E-04,-0.00119
4085,792.15,3.76711,-2.56E-04,-0.00128
4090,792.65,3.76586,-2.50E-04,-0.00125
4095,793.05,3.76459,-2.54E-04,-0.00127
4100,793.25,3.76337,-2.44E-04,-0.00122
4105,793.75,3.76215,-2.44E-04,-0.00122
4110,794.25,3.76101,-2.28E-04,-0.00114
4115,794.65,3.75982,-2.38E-04,-0.00119
4120,794.95,3.75869,-2.26E-04,-0.00113
4125,795.55,3.75753,-2.32E-04,-0.00116
4130,795.85,3.75633,-2.40E-04,-0.0012
4135,796.35,3.75519,-2.28E-04,-0.00114
4140,796.85,3.75399,-2.40E-04,-0.0012
4145,797.15,3.75273,-2.52E-04,-0.00126
4150,797.45,3.7515,-2.46E-04,-0.00123
4155,797.75,3.75038,-2.24E-04,-0.00112
4160,798.25,3.74925,-2.26E-04,-0.00113
4165,798.75,3.74803,-2.44E-04,-0.00122
4170,799.45,3.74685,-2.36E-04,-0.00118
4175,799.75,3.74559,-2.52E-04,-0.00126
4180,800.05,3.74434,-2.50E-04,-0.00125
4185,800.45,3.74318,-2.32E-04,-0.00116
4190,800.85,3.74201,-2.34E-04,-0.00117
4195,801.15,3.74085,-2.32E-04,-0.00116
4200,801.75,3.73977,-2.16E-04,-0.00108
4205,802.15,3.73865,-2.24E-04,-0.00112
4210,802.65,3.7376,-2.10E-04,-0.00105
4215,803.05,3.73652,-2.16E-04,-0.00108
4220,803.35,3.7354,-2.24E-04,-0.00112
4225,803.85,3.73428,-2.24E-04,-0.00112
4230,804.15,3.73318,-2.20E-04,-0.0011
4235,804.65,3.73207,-2.22E-04,-0.00111
4240,805.05,3.73098,-2.18E-04,-0.00109
4245,805.45,3.7299,-2.16E-04,-0.00108
4250,805.95,3.72886,-2.08E-04,-0.00104
4255,806.15,3.7277,-2.32E-04,-0.00116
4260,806.55,3.72664,-2.12E-04,-0.00106
4265,807.25,3.72553,-2.22E-04,-0.00111
4270,807.55,3.72443,-2.20E-04,-0.0011
4275,808.15,3.72343,-2.00E-04,-1.00E-03
4280,808.55,3.7223,-2.26E-04,-0.00113
4285,808.85,3.72127,-2.06E-04,-0.00103
4290,809.05,3.72021,-2.12E-04,-0.00106
4295,809.55,3.71924,-1.94E-04,-9.70E-04
4300,809.95,3.7182,-2.08E-04,-0.00104
4305,810.65,3.71711,-2.18E-04,-0.00109
4310,810.75,3.71602,-2.18E-04,-0.00109
4315,811.25,3.71495,-2.14E-04,-0.00107
4320,811.85,3.71393,-2.04E-04,-0.00102
4325,812.15,3.71287,-2.12E-04,-0.00106
4330,812.75,3.71184,-2.06E-04,-0.00103
4335,812.85,3.71087,-1.94E-04,-9.70E-04
4340,813.25,3.70991,-1.92E-04,-9.60E-04
4345,813.75,3.70902,-1.78E-04,-8.90E-04
4350,814.15,3.70803,-1.98E-04,-9.90E-04
4355,814.65,3.70705,-1.96E-04,-9.80E-04
4360,815.25,3.70605,-2.00E-04,-1.00E-03
4365,815.45,3.70504,-2.02E-04,-0.00101
4370,815.65,3.70401,-2.06E-04,-0.00103
4375,816.15,3.70302,-1.98E-04,-9.90E-04
4380,816.55,3.70204,-1.96E-04,-9.80E-04
4385,817.15,3.70104,-2.00E-04,-1.00E-03
4390,817.55,3.7001,-1.88E-04,-9.40E-04
4395,818.15,3.6992,-1.80E-04,-9.00E-04
4400,818.35,3.69824,-1.92E-04,-9.60E-04
4405,818.55,3.6973,-1.88E-04,-9.40E-04
4410,819.05,3.69633,-1.94E-04,-9.70E-04
4415,819.45,3.69529,-2.08E-04,-0.00104
4420,820.25,3.6944,-1.78E-04,-8.90E-04
4425,820.45,3.6934,-2.00E-04,-1.00E-03
4430,821.05,3.6924,-2.00E-04,-1.00E-03
4435,821.45,3.6914,-2.00E-04,-1.00E-03
4440,821.75,3.6904,-2.00E-04,-1.00E-03
4445,822.05,3.68941,-1.98E-04,-9.90E-04
4450,822.35,3.68849,-1.84E-04,-9.20E-04
4455,822.85,3.68756,-1.86E-04,-9.30E-04
4460,823.25,3.68663,-1.86E-04,-9.30E-04
4465,823.75,3.68567,-1.92E-04,-9.60E-04
4470,824.25,3.68476,-1.82E-04,-9.10E-04
4475,824.85,3.68378,-1.96E-04,-9.80E-04
4480,825.05,3.68287,-1.82E-04,-9.10E-04
4485,825.35,3.68189,-1.96E-04,-9.80E-04
4490,825.75,3.6809,-1.98E-04,-9.90E-04
4495,826.15,3.67984,-2.12E-04,-0.00106
4500,826.55,3.6788,-2.08E-04,-0.00104
4505,827.15,3.67777,-2.06E-04,-0.00103
4510,827.55,3.67681,-1.92E-04,-9.60E-04
4515,827.95,3.67587,-1.88E-04,-9.40E-04
4520,828.35,3.67497,-1.80E-04,-9.00E-04
4525,828.75,3.67402,-1.90E-04,-9.50E-04
4530,829.15,3.67303,-1.98E-04,-9.90E-04
4535,829.55,3.67214,-1.78E-04,-8.90E-04
4540,829.95,3.67123,-1.82E-04,-9.10E-04
4545,830.45,3.67033,-1.80E-04,-9.00E-04
4550,831.05,3.6694,-1.86E-04,-9.30E-04
4555,831.25,3.66847,-1.86E-04,-9.30E-04
4560,831.75,3.66759,-1.76E-04,-8.80E-04
4565,832.05,3.66662,-1.94E-04,-9.70E-04
4570,832.45,3.66577,-1.70E-04,-8.50E-04
4575,832.95,3.66491,-1.72E-04,-8.60E-04
4580,833.15,3.66412,-1.58E-04,-7.90E-04
4585,833.75,3.66329,-1.66E-04,-8.30E-04
4590,834.15,3.6625,-1.58E-04,-7.90E-04
4595,834.75,3.66166,-1.68E-04,-8.40E-04
4600,835.05,3.66088,-1.56E-04,-7.80E-04
4605,835.55,3.6601,-1.56E-04,-7.80E-04
4610,835.85,3.65936,-1.48E-04,-7.40E-04
4615,836.15,3.65863,-1.46E-04,-7.30E-04
4620,836.65,3.65791,-1.44E-04,-7.20E-04
4625,837.15,3.65711,-1.60E-04,-8.00E-04
4630,837.55,3.65635,-1.52E-04,-7.60E-04
4635,837.95,3.65557,-1.56E-04,-7.80E-04
4640,838.55,3.65479,-1.56E-04,-7.80E-04
4645,838.85,3.65411,-1.36E-04,-6.80E-04
4650,839.05,3.6535,-1.22E-04,-6.10E-04
4655,839.45,3.65289,-1.22E-04,-6.10E-04
4660,839.85,3.65222,-1.34E-04,-6.70E-04
4665,840.45,3.65149,-1.46E-04,-7.30E-04
4670,840.75,3.65082,-1.34E-04,-6.70E-04
4675,841.25,3.65016,-1.32E-04,-6.60E-04
4680,841.55,3.64955,-1.22E-04,-6.10E-04
4685,842.15,3.64902,-1.06E-04,-5.30E-04
4690,842.45,3.64841,-1.22E-04,-6.10E-04
4695,842.95,3.64783,-1.16E-04,-5.80E-04
4700,843.45,3.64728,-1.10E-04,-5.50E-04
4705,843.75,3.64668,-1.20E-04,-6.00E-04
4710,844.15,3.64601,-1.34E-04,-6.70E-04
4715,844.65,3.64533,-1.36E-04,-6.80E-04
4720,844.95,3.6446,-1.46E-04,-7.30E-04
4725,845.35,3.64393,-1.34E-04,-6.70E-04
4730,845.75,3.64322,-1.42E-04,-7.10E-04
4735,846.15,3.6425,-1.44E-04,-7.20E-04
4740,846.65,3.6417,-1.60E-04,-8.00E-04
4745,847.15,3.64089,-1.62E-04,-8.10E-04
4750,847.55,3.64009,-1.60E-04,-8.00E-04
4755,847.95,3.63919,-1.80E-04,-9.00E-04
4760,848.15,3.63835,-1.68E-04,-8.40E-04
4765,848.75,3.63745,-1.80E-04,-9.00E-04
4770,849.25,3.63655,-1.80E-04,-9.00E-04
4775,849.55,3.63568,-1.74E-04,-8.70E-04
4780,849.95,3.63479,-1.78E-04,-8.90E-04
4785,850.35,3.63396,-1.66E-04,-8.30E-04